{"y": [35.5808955942513, -36.1362446966118, -87.0417033888412, 147.23506401271, -100.334292396207, 59.9576147844923, -172.556620016587, 54.0821935797411, -165.528359658202, -69.1805984950362, -74.0668402487886, 6.0148601547716, -199.22398151804, 12.6254613894933, 133.305863247407, 145.252171633329, -39.1250067843896, 4.11204366525096, 44.6792393832074, 123.891129540987, -6.66434887817856, -44.2349653222607, -210.515934448228, -8.12300778852209, 43.8061525248783, -292.440935918525, -234.983739776095, -42.4561198475739, 14.2849175306837, 51.1587506744427, -31.8414250510092, 10.2703841566496, -34.991291469062, -16.7515377027386, 55.6619281208767, -80.0036120810209, -27.5385820874163, -55.0547308866816, -117.62096528663, 31.7677377083706, 2.81355742541759, 118.810338586629, -67.614652485426, -132.080748246704, 216.299109542833, -43.3149346479237, 10.4292820924783, -132.786843436751, 200.473840163737, 196.15054453188, 9.16385185912402, 146.53705455505, -103.494056095126, -57.6962660436034, -149.693194059569, 155.931276322836, -6.931708880215, 263.635221156815, -28.2865020106756, -56.1693905881749, -207.179335930194, 43.545522243748, 59.0530294775896, -53.7065969558672, -172.929754385027, -119.587558530208, 53.0205876540706, -63.1153662080009, 16.0002199996978, -111.890300248877, -121.733483274487, 192.739708977787, -136.587966100632, -184.932117737132, -161.155012026405, 37.6593053431309, 38.1017857045083, -101.056391913068, -34.0141978001392, 0.546030270512845, -158.545482997912, -168.212683113135, -140.056873747193, -46.5548919417661, -153.291577362618, -1.77838302963721, 29.4492143577604, 235.352435459566, -62.9845012377601, -151.157657318711, -38.5003684180773, -126.191900727165, -62.7806929047321, 31.4918120124229, 10.6828779492501, 73.8264531351516, 68.1383012696099, -226.741729295982, -58.9914687809591, 51.0837533396375], "X": [[55.4044203094843, -43.1120575926025, 25.6180507548648, -189.099162062772, 186.783949750615], [-223.805659731685, -279.354617429729, 431.053572597837, 139.180111478923, -101.589890498413], [-250.156565547013, 300.038897709836, -94.8298548885377, 54.9445327440312, -97.5799934247197], [23.7197360566916, 172.838087689013, -289.194967556674, 115.946218063932, 124.730484325533], [-161.378417547857, -67.3092085644385, -397.436720199129, 63.8618914444735, 461.01195270484], [-12.1265487969228, -262.949565103945, -219.969160496343, 307.961580303532, 247.437327730927], [-16.1071742409618, -49.012018905245, -96.3218398122817, 144.320514161986, -153.902002581052], [-213.776810766724, 156.658411530336, 71.7575844912658, -127.046137561707, 165.994627126311], [-4.66521282940468, -318.292224005413, 164.693818541292, 148.988859070607, -156.087117973178], [22.4255138753124, 208.90372110679, 121.530166490621, -51.1480042650192, -371.061962175878], [-87.3030518490453, -113.842892710006, -67.4636840841159, 31.5506589369886, 163.309308337746], [-279.835429153461, 211.149228504947, 401.384217941885, -280.763376129799, -45.0063411778978], [24.9543616221132, 70.0954707783188, 53.3320328738687, -245.527699972105, -102.8727101102], [-67.6175715068413, 9.61265647665557, 93.0833537065802, 150.30693993304, -172.416410255757], [-0.086578548038851, 360.492116367625, -89.3047939046752, -105.955375264142, -32.9571867009236], [51.1524380624834, 55.7994789854058, -111.233282090483, 116.419466174358, 31.3198932539544], [-51.7567437670406, -151.650812716966, -140.606586058101, 445.710658507031, -141.061992186776], [-191.782340463696, 208.812277956246, -129.07704189795, -279.020678491358, 396.38319380326], [-253.702341146032, -74.8484334184995, 300.085901639117, 11.6643734101209, 62.6320428500643], [57.2065825642941, -60.7660876855117, 146.624897867255, 31.7042524998602, -48.9772674075129], [-303.451480279291, 25.077287162419, -169.654770993872, 170.246980024993, 270.181009633107], [-606.053116183093, 151.057413551038, -9.29005629587869, 362.78738831167, 55.7959243570398], [38.2687918262545, 199.755292449478, 78.7132501715315, -335.647857378941, -191.847512435698], [95.3359696785289, 159.623474344277, -29.6954854744112, -260.232940438388, 28.5176008970345], [-189.213642671046, -18.7580225099694, 127.623336114474, 115.006374188069, 11.1427933410575], [-75.0219761184554, -61.5479590587809, -154.867245708806, 115.058148628882, -115.297955682085], [114.657375565166, 5.59063390335382, -170.741129556296, 21.6138579510724, -206.738382121685], [-390.75596989191, 191.535294313254, -145.087192872723, 80.5757636661076, 221.417584773918], [-273.166053528146, 92.1898002181557, -276.21405440919, 284.465067795822, 188.236436236819], [147.513691687708, 50.3601368284064, 171.176193775948, -56.8212555597588, -261.629779078055], [-195.919154240345, 197.822234488142, 294.961664541318, -311.337909750192, -19.3009160413544], [180.067255664044, -60.9625566688419, -41.9305117181093, 167.251153805042, -235.462569787553], [-461.353233897298, 199.068447178871, -343.12167108037, 245.608192302057, 323.307276758066], [-145.071152242073, 165.542091919598, -303.23398028662, 141.260791863261, 126.536620844308], [-359.411232435684, -184.466091070917, 123.602327778049, 532.861240055218, -57.6957289264031], [-174.953736093085, -28.4647988171943, 24.2659011422897, -73.0143327416501, 173.571768232249], [292.913717772925, 157.523374702014, -344.677862956067, 37.661629208755, -169.787775665019], [-396.565348453677, 181.363713485747, 303.037751532334, 99.8693005578762, -242.34416483423], [-285.973690288208, 61.194635271679, -51.491384073899, 54.5776489136678, 103.406121430038], [9.88280089590994, 122.67450725311, -302.830518022507, 187.11042987316, 16.1437380638525], [-99.8704882448678, 76.3647567899343, 90.8823396261362, -226.16883546749, 162.407375725365], [181.830911160537, 74.8223812940145, -25.0171895930341, -218.372631422611, 107.135922813577], [239.826165318291, -143.010857086909, 293.928884579222, -270.091839195922, -188.614755409961], [-61.2667467505441, -249.396625199913, -125.098021246245, 35.5202583652096, 267.050833329136], [72.4000813328614, -277.473052780574, -20.1160471274825, -0.0916887453473976, 442.426412232598], [105.849639826787, -150.253801487223, -311.284892062316, -120.453653750295, 432.844873724821], [-254.800011786356, -394.26901515884, 300.988940338771, 270.569750767367, 89.1696013987223], [-66.985775985946, -225.776023776593, -140.989119696101, 421.139393141677, -120.324820253324], [297.543621819726, -351.922904824913, -49.5697488609874, 362.791497641211, -60.3983175282847], [128.517682058887, 331.883656051589, -224.175595876503, -288.780193883612, 249.961413027018], [-218.402352004923, 55.2300690390503, 134.419181778457, -44.597728401719, 82.5596585597862], [388.482520055989, 215.019132389301, -76.4977658729791, 36.2034560339139, -419.094038163575], [-433.989431775408, 130.964850545482, 126.116936441624, -121.96093424994, 197.465384808599], [84.5465426189167, 249.56435390396, -14.3439795686558, -68.6450899440587, -308.93143405233], [-71.0639250723961, -58.7081293902781, 96.8180237462904, -81.9124490477301, -34.4937502645445], [-200.626676432946, 456.619878946285, -27.790231423061, -180.786672260864, 109.768309098824], [-261.374619473029, 193.45960460661, 79.9162787060636, 178.988875548023, -197.168529968783], [-108.049696265707, -25.2312953360286, 123.961600304654, 43.8955015096386, 230.205266445465], [-22.3261049978224, -59.8418958638468, 203.310056937134, 229.145188752942, -376.893244909137], [-199.38950065773, -44.7577964842094, 82.2321364679503, -267.968432460405, 373.952007345095], [-31.0221474374253, 191.25231258889, -291.674520093707, 268.767440503943, -344.923155201069], [287.184865808276, -512.366488235429, 64.1434879843118, 196.908275050029, 7.77391771913746], [-23.9181265907872, 183.005943951662, -305.256362139986, 257.817623831065, -53.3715094599101], [-190.363583000818, 21.1929254457433, 11.6240077129668, 105.844653523655, -1.00490015397537], [-51.2162357495177, -26.2789157159302, -121.414021691475, 336.971537822166, -309.984260231294], [-343.611394755266, 