{"N": 416, "K": 2, "u": [0.158315905800329, 0.158315905800329, 0.158329805234674, 0.154168905758243, 0.15138822111339, 0.149805031688882, 0.153183619059551, 0.156324496687446, 0.157337445325789, 0.157156234057767, 0.15632798131165, 0.155502144635971, 0.154158504050956, 0.154988628651218, 0.15902609096836, 0.166188551371965, 0.175034589495839, 0.186404693461834, 0.204877446336569, 0.225327515803731, 0.243810622142027, 0.245274869520021, 0.240028175818077, 0.231088745388222, 0.227634872429634, 0.227553941307767, 0.236323657296374, 0.242693676010014, 0.242633283427575, 0.234190490262775, 0.223736437552875, 0.223017562495111, 0.219292385253022, 0.212870527027734, 0.206067257764406, 0.209055291622159, 0.218410617065018, 0.22691141234576, 0.232371570388569, 0.237436816527443, 0.241998333230547, 0.243153315104656, 0.250183520727661, 0.255793870946703, 0.262679172588334, 0.268883752974936, 0.262320800415212, 0.267524791635272, 0.2840460133206, 0.316145815814602, 0.327641336003967, 0.32108802803876, 0.320886767714636, 0.327313569559641, 0.322910724918373, 0.296773688673578, 0.280204440080173, 0.27365266792454, 0.2876696895705, 0.313038029658325, 0.334553807612131, 0.380893818382914, 0.394119683033842, 0.380689463461521, 0.339634092124336, 0.315732686755514, 0.317062650486245, 0.324073901678272, 0.339468547248671, 0.370578012040917, 0.436325439027311, 0.534377190266207, 0.599115687767851, 0.548840817788542, 0.500787918835329, 0.478127268515115, 0.562681298284649, 0.70142908695646, 0.903229521868061, 0.947178131447392, 0.94172094708376, 0.911348202816604, 0.923160491951478, 0.932394289475663, 0.940884561357718, 0.890568384452997, 0.796851636927666, 0.750191499295218, 0.778375806038577, 0.794908760359909, 0.812087720670669, 0.724293812131354, 0.687860214468983, 0.668022959401858, 0.688093166232522, 0.755371545780385, 0.836779709958033, 0.971387379374263, 1.03439195452775, 0.997125195911855, 0.90378478140362, 0.847101952048914, 0.833338862597398, 0.836696025825283, 0.89457990217344, 0.972158949511109, 1.11236529976998, 1.07284697889962, 0.977683285325241, 0.874542243099025, 0.767124189033173, 0.651597596155557, 0.549841361380755, 0.471735742641995, 0.431846904180377, 0.403744734155232, 0.396677442355441, 0.417985064478036, 0.451825088382452, 0.495637797867592, 0.517047239606044, 0.524795894637422, 0.535277449356957, 0.535531101974579, 0.522824221472681, 0.525357386238664, 0.525210946496747, 0.514397874489727, 0.489987955077216, 0.460085790960962, 0.447383962637981, 0.42963765487024, 0.418971949563925, 0.426119780618377, 0.425808373472368, 0.431318397261128, 0.411798753845656, 0.425023783660512, 0.423207045380019, 0.45099233431572, 0.473499977614788, 0.500852506153985, 0.532564903401177, 0.532105731044631, 0.532969036144933, 0.508475342208502, 0.467895933408234, 0.443441246637924, 0.410730812214206, 0.414700958233656, 0.398559114896197, 0.390067509063285, 0.372116557618935, 0.377960706723794, 0.398349874558823, 0.419703316973884, 0.432256534508812, 0.484823118892426, 0.558943841486949, 0.66744382394871, 0.751613749534483, 0.879255048874978, 1.10118044287479, 1.33977041100066, 1.51790038954405, 1.56438358906467, 1.25702774733436, 1.02519527417913, 0.826835449821905, 0.658369384204846, 0.546350205463764, 0.484039241591807, 0.505557676161327, 0.55529051727944, 0.582679930621912, 0.611830413763366, 0.625014064344056, 0.693064452638137, 0.717848461292446, 0.775822670853082, 0.839023823746484, 0.920896594526026, 0.95462685549648, 1.08989464060282, 1.53622489312796, 2.19153383875689, 2.45670851875722, 1.66511566390821, 1.19838304005767, 0.936915841240706, 0.817061710431936, 0.79569096634693, 0.840080682360731, 0.857900860397181, 0.859416905006703, 0.773935230782725, 0.69817028194031, 0.659833750209449, 0.631862253947503, 0.636081970792735, 0.649514751008091, 0.663633595616881, 0.716109711978229, 0.799631535746109, 0.977159518347486, 1.22336527447519, 1.58295585272956, 1.67918699672768, 1.92176868874561, 2.0499623162713, 2.24270201084161, 1.48767986077217, 1.03363093624165, 0.867285727475498, 0.897559578221791, 0.864070057050283, 0.811099569623462, 0.672519975000074, 0.586451760619805, 0.52328126150058, 0.477373885431346, 0.443911980867157, 0.443632909385765, 0.453741824308261, 0.467699189270232, 0.441613414432332, 0.419414674946802, 0.425151467098099, 0.443875218671426, 0.463216899521221, 0.463521377375989, 0.459114473646497, 0.460834218471458, 0.473755563640514, 0.484808522127025, 0.50041557786279, 0.505794504172793, 0.509934479691968, 0.486905892797886, 0.463073147338292, 0.441189666624815, 0.438958655094288, 0.437551260589293, 0.432205878463054, 0.415363539032371, 0.389381640933372, 0.380673865668193, 0.396427242966505, 0.4261360939312, 0.453520607626288, 0.459001672140808, 0.460850747735208, 0.460891140378375, 0.468707417910043, 0.45514102052259, 0.42749265110902, 0.396404405163101, 0.381748758385237, 0.385039853297187, 0.402213086030357, 0.428355600919365, 0.446814718861318, 0.438935099588598, 0.425038653179509, 0.412517051002499, 0.413097507899471, 0.410620817077555, 0.397236406370919, 0.377200945401867, 0.364949958415373, 0.357306954200366, 0.352504292024229, 0.336980196820161, 0.319101900037403, 0.305383885369813, 0.304895198982038, 0.314904182837948, 0.324469224543967, 0.330633059447388, 0.333406309858807, 0.333710944138132, 0.336106144580797, 0.341360869712357, 0.349837691807735, 0.359133341920512, 0.358506537628611, 0.362638389153884, 0.374464738177839, 0.407208179122703, 0.444870025773904, 0.488348051743475, 0.512072288202236, 0.56571483419863, 0.590790782687623, 0.636512691374282, 0.658320675932624, 0.691475121227269, 0.707272769664098, 0.695471056998469, 0.660790860693143, 0.634125214466577, 0.590625601888936, 0.530925352014037, 0.483206500638833, 0.455159314877406, 0.435459984044125, 0.392762803471844, 0.352737559149974, 0.336011830998443, 0.348339437862871, 0.364058429795935, 0.377005232736064, 0.368733193891407, 0.374791069240749, 0.370918212247839, 0.373494559078342, 0.361334919960089, 0.348574492407909, 0.321240791045853, 0.288112625560462, 0.262643711159665, 0.251506525255417, 0.241065373590947, 0.200173041038388, 0.167037190228723, 0.150698701587103, 0.151123013718535, 0.153352698108036, 0.148251897583948, 0.140920204341787, 0.130930158930102, 0.120699784135019, 0.114423900772046, 0.10716810303129, 0.099914754618378, 0.0934820228497906, 0.0887504583605225, 0.0859724153465722, 0.0854608840093132, 0.0854283979573913, 0.0820832211626804, 0.0757693126211601, 0.0713614529857772, 0.0701574683436859, 0.0697069271209183, 0.0681064879369305, 0.0672837293141868, 0.0647241699572137, 0.0635067690673436, 0.0608031487877579, 0.0583637181391954, 0.0579165967496768, 0.0584074539229252, 0.0607190884535183, 0.0627595543897577, 0.063807629451793, 0.064122042898931, 0.0632312300078132, 0.0628689595877891, 0.0636093552575222, 0.0630091929509846, 0.0633601000624871, 0.0652366063482422, 0.0674238236646209, 0.0720420156582103, 0.0766407545775609, 0.0811004079203677, 0.0831206606218805, 0.0809926793413539, 0.0784869848483061, 0.0777758205823074, 0.080398562290604, 0.0844146883762335, 0.0878100461720194, 0.0906525181465003, 0.0982076941039164, 0.100754668653418, 0.1036894852913, 0.101891523190734, 0.105553748484936, 0.107198242103105, 0.105914332439326, 0.104782868029804, 0.103938548597417, 0.107702908861633, 0.111702358701564, 0.110163215069456, 0.107942211780281, 0.101044237186974, 0.100234344664362, 0.101310034193026, 0.103743657316269, 0.105155974349716, 0.1054819749936, 0.105313533897095, 0.107061540080578, 0.107837647247095, 0.113104973231107, 0.120732707305955, 0.130613889984443, 0.14251550074858, 0.155142474632315, 0.174656757817485, 0.200201089846757, 0.232212150114092, 0.27038535615648, 0.319636137905192, 0.398690979285309, 0.593858291843798, 0.977221908449836, 1.16341265726732, 1.06825997810733, 0.948830179346391, 0.777404395575207, 0.609627744227345, 0.458396306316604],