{"N": 416, "K": 2, "u": [-1.8431628383031, -1.8431628383031, -1.84307504659224, -1.86970648696598, -1.88790774078481, -1.89842061908475, -1.8761179525913, -1.85582132518887, -1.84936244686095, -1.85051484705183, -1.85579903447027, -1.86109575558676, -1.869773958796, -1.86440352829466, -1.83868699608325, -1.79463228357866, -1.74277167032771, -1.67983519753137, -1.58534330135944, -1.49020030937962, -1.41136349380275, -1.40537578090705, -1.42699896328891, -1.46495346306847, -1.48001237041026, -1.48036796404647, -1.44255298428474, -1.41595522340813, -1.41620409720991, -1.45162043384031, -1.49728653795312, -1.50050475503962, -1.51734934712959, -1.54707115242094, -1.57955266947815, -1.56515650878929, -1.52137842335789, -1.48319559165308, -1.45941759200127, -1.43785372657513, -1.41882444032625, -1.41406310823534, -1.38556054751632, -1.3633833504579, -1.33682186754885, -1.31347613785648, -1.33818709515728, -1.31854303793015, -1.25861903521004, -1.15155172937578, -1.11583575668474, -1.13603996279613, -1.13666696663506, -1.11683663924598, -1.13037938740476, -1.2147854216402, -1.27223579909424, -1.29589561203524, -1.24594236826572, -1.16143059531674, -1.09495755252341, -0.965234634605605, -0.931100651765875, -0.965771292726049, -1.07988644052488, -1.15285935138309, -1.1486558890289, -1.12678369759914, -1.08037398060895, -0.992691297595502, -0.829366894278398, -0.626653340555734, -0.512300564677005, -0.599946828899404, -0.691572583218603, -0.737878329805817, -0.575041888772049, -0.354635472280677, -0.10177858082162, -0.0542681026955731, -0.0600462828101873, -0.0928302343144516, -0.0799521788239619, -0.0699994963827658, -0.060934823481421, -0.115895385879151, -0.22708676943042, -0.287426772649925, -0.250545830249891, -0.229527937756905, -0.208146914272724, -0.322558151057232, -0.374169638335884, -0.403432735674076, -0.373831034181074, -0.280545537164903, -0.178194433147529, -0.0290299413576268, 0.0338137705331888, -0.00287894427413675, -0.101164020602558, -0.165934223157116, -0.182314921699089, -0.178294445512251, -0.111401053948424, -0.0282359595873835, 0.106488648869179, 0.0703158429471335, -0.0225695005302812, -0.13405468025959, -0.265106575424261, -0.428328091402309, -0.598125476213837, -0.751336317464699, -0.83968414201981, -0.906972446870305, -0.924631816311699, -0.872309578009534, -0.794460146648322, -0.70190986525156, -0.659621036102385, -0.644745864101182, -0.624970069582154, -0.624496310529612, -0.648509968020891, -0.643676512293265, -0.643955294240715, -0.66475823808568, -0.713374469654664, -0.7763423047993, -0.804338076259279, -0.844813088627117, -0.869951307449144, -0.853034797074584, -0.853765861445173, -0.840908720867945, -0.88722051050848, -0.855610150069363, -0.859893750703231, -0.796304936706573, -0.747603413632061, -0.691443620135376, -0.630050504504388, -0.630913066822083, -0.629291950040499, -0.676338555901312, -0.759509372303465, -0.813189962585698, -0.889817237180955, -0.880197601065348, -0.919899448224956, -0.94143545467628, -0.988548146853001, -0.972965039231926, -0.920424578057723, -0.868207205471811, -0.838736037103711, -0.723971157879668, -0.581706273329991, -0.404300051127627, -0.285532717924041, -0.128680265392637, 0.0963827342982286, 0.292498264209152, 0.417328057284182, 0.44749187360172, 0.228750003616154, 0.0248831058396504, -0.190149576160065, -0.417989130996856, -0.604495106899262, -0.725589297883099, -0.682093149777335, -0.588263847632699, -0.540117247468618, -0.491300136563425, -0.469981126548434, -0.366632278867117, -0.33149678890527, -0.253831301854798, -0.17551617751106, -0.082407524246205, -0.0464347420839968, 0.0860810315717654, 0.429328038804732, 0.784601681668713, 0.898822453517148, 0.509894588832371, 0.180973181525862, -0.0651618180233032, -0.202040654010178, -0.228544401752287, -0.174257341327883, -0.153266733492914, -0.15150113712642, -0.256267090053144, -0.359292249037877, -0.41576736931424, -0.459083861205112, -0.452427839052722, -0.431529731800526, -0.410025095640985, -0.333921894739985, -0.223604237731268, -0.0231053666258098, 0.201605482982735, 0.459293892152161, 0.518309745763765, 0.653245954057686, 0.717821410674675, 0.807681393766109, 0.397217765932861, 0.0330777841726382, -0.142386797698898, -0.108075778403096, -0.146101428916318, -0.209364458514458, -0.396723465344916, -0.53366486385389, -0.64763617457574, -0.739455268225576, -0.812128977492501, -0.812757839184239, -0.790226911618823, -0.759929947691543, -0.817320407595809, -0.868895170790742, -0.855309780378683, -0.812211795077101, -0.769559869103004, -0.768902773408753, -0.778455702093433, -0.774716913521878, -0.747063778822239, -0.724001265736682, -0.692316370053012, -0.681624810418604, -0.673473032709115, -0.71968441318057, -0.769870251762455, -0.818280412945029, -0.823350050081818, -0.826561412986752, -0.83885323374536, -0.878601144545108, -0.943195334219256, -0.965812266050434, -0.925262752938013, -0.852996514410158, -0.790714569166563, -0.778701425919932, -0.774681046030581, -0.774593401878321, -0.757776547615791, -0.787147972836701, -0.849818181141336, -0.925320363663983, -0.962992587317665, -0.954408434994038, -0.910773266045681, -0.847801585090007, -0.805611269488786, -0.823403713763944, -0.85557516553563, -0.885477738298067, -0.884071617278633, -0.890085076516474, -0.923223693481407, -0.974977221858353, -1.0079950350306, -1.02916005094496, -1.04269248084868, -1.08773111350132, -1.14224479135213, -1.18618565324198, -1.18778717131709, -1.1554868678959, -1.12556458695353, -1.10674610026626, -1.09839338305327, -1.09748009742417, -1.09032826241641, -1.07481509231926, -1.05028596975044, -1.02406153349298, -1.02580838304567, -1.0143491143573, -0.982257637526438, -0.898430727693367, -0.809973116391241, -0.716726906564255, -0.66928947601371, -0.569665154246362, -0.526293329855514, -0.451750921868014, -0.418063116931311, -0.368928106503913, -0.346338874671687, -0.363165883152463, -0.414317887541197, -0.455508844886664, -0.526572961663435, -0.633133847633725, -0.727311179143183, -0.787107778729092, -0.831352371999389, -0.934549402831371, -1.04203095704982, -1.09060890833395, -1.05457787843972, -1.01044090281018, -0.975496211693942, -0.997681948254429, -0.981386556968068, -0.99177369284001, -0.984851841909368, -1.01794999462684, -1.05390332009401, -1.13556430918871, -1.24440381431678, -1.33695687567364, -1.38028634442935, -1.42268712256227, -1.60857308131642, -1.78953879537808, -1.89247278926535, -1.88966111343522, -1.87501479413234, -1.9088424412945, -1.95956147545489, -2.0330912358877, -2.11444893932251, -2.1678452990252, -2.23335662097104, -2.30343791035564, -2.36998613015974, -2.42192668601434, -2.45372878596453, -2.45969650469019, -2.46007670468798, -2.50002165414501, -2.5800619149929, -2.6399974295699, -2.65701301561022, -2.66345558134886, -2.68668279963144, -2.6988368350946, -2.73762057757178, -2.75660877927909, -2.8001137020787, -2.84106084695267, -2.8487512904059, -2.84031176162617, -2.80149715830128, -2.76844445136944, -2.75188251189707, -2.74696709119107, -2.76095695418586, -2.7667027253516, -2.75499472420945, -2.76447464337897, -2.75892095220816, -2.72973452054303, -2.69675685668442, -2.63050577935717, -2.56862629962738, -2.51206728802918, -2.48746198441379, -2.51339650689589, -2.54482246605055, -2.55392468553333, -2.52075898491476, -2.47201385962843, -2.43257936379304, -2.40072156338607, -2.32067071532731, -2.29506674023722, -2.26635456434268, -2.28384652974333, -2.24853499148671, -2.23307542877182, -2.24512469616192, -2.25586499345641, -2.26395543334948, -2.22837868625572, -2.19191745673276, -2.20579223953505, -2.22615927117073, -2.29219686608112, -2.30024438793917, -2.28956981840771, -2.26583225604113, -2.25231056104647, -2.24921519380431, -2.25081334106316, -2.23435146891041, -2.22712844912684, -2.17943892484531, -2.11417620742182, -2.03550971263093, -1.94830450800623, -1.86341139308417, -1.74493261499098, -1.60843296832584, -1.46010388501456, -1.30790709250587, -1.14057199918812, -0.919568650169798, -0.5211145540004, -0.023041520232761, 